province,district,municipality
Sudurpashchim,Achham,Bannigadhi Jaygadh
Sudurpashchim,Achham,Chaurpati
Sudurpashchim,Achham,Dhakari
Sudurpashchim,Achham,Kamalbazar
Sudurpashchim,Achham,Mangalsen
Sudurpashchim,Achham,Mellekh
Sudurpashchim,Achham,Panchadewal Binayak
Sudurpashchim,Achham,Ramaroshan
Sudurpashchim,Achham,Sanphebagar
Sudurpashchim,Achham,Turmakhad
Lumbini,Arghakhanchi,Bhumikasthan
Lumbini,Arghakhanchi,Chhatradev
Lumbini,Arghakhanchi,Malarani
Lumbini,Arghakhanchi,Panini
Lumbini,Arghakhanchi,Sandhikharka
Lumbini,Arghakhanchi,Shitaganga
Gandaki,Baglung,Badigad
Gandaki,Baglung,Bareng
Gandaki,Baglung,Dhorpatan
Gandaki,Baglung,Galkot
Gandaki,Baglung,Jaimini
Gandaki,Baglung,Kathekhola
Gandaki,Baglung,Nisikhola
Gandaki,Baglung,Taman Khola
Gandaki,Baglung,Tara Khola
Sudurpashchim,Baitadi,Dasharathchand
Sudurpashchim,Baitadi,Dilashaini
Sudurpashchim,Baitadi,Dogdakedar
Sudurpashchim,Baitadi,Melauli
Sudurpashchim,Baitadi,Pancheshwar
Sudurpashchim,Baitadi,Patan
Sudurpashchim,Baitadi,Purchaudi
Sudurpashchim,Baitadi,Shivanath
Sudurpashchim,Baitadi,Sigas
Sudurpashchim,Baitadi,Surnaya
Sudurpashchim,Bajhang,Bitthadchir
Sudurpashchim,Bajhang,Bungal
Sudurpashchim,Bajhang,Chhabispathibhera
Sudurpashchim,Bajhang,Durgathali
Sudurpashchim,Bajhang,Jaya Prithvi
Sudurpashchim,Bajhang,Kedarsyu
Sudurpashchim,Bajhang,Khaptadchhanna
Sudurpashchim,Bajhang,Masta
Sudurpashchim,Bajhang,Saipal [Kanda]
Sudurpashchim,Bajhang,Surma
Sudurpashchim,Bajhang,Talkot
Sudurpashchim,Bajhang,Thalara
Sudurpashchim,Bajura,Badimalika
Sudurpashchim,Bajura,Budhiganga
Sudurpashchim,Bajura,Budhinanda
Sudurpashchim,Bajura,Chhededaha
Sudurpashchim,Bajura,Gaumul
Sudurpashchim,Bajura,Himali
Sudurpashchim,Bajura,Jagannath [Pandav Gupha]
Sudurpashchim,Bajura,Swamikartik Khapar
Sudurpashchim,Bajura,Triveni
Lumbini,Banke,Baijanath
Lumbini,Banke,Duduwa
Lumbini,Banke,Janaki
Lumbini,Banke,Khajura
Lumbini,Banke,Kohalpur
Lumbini,Banke,Narainapur
Lumbini,Banke,Nepalganj
Lumbini,Banke,Rapti Sonari
Madhesh,Bara,Adarsha Kotwal
Madhesh,Bara,Baragadhi
Madhesh,Bara,Bishrampur
Madhesh,Bara,Devtal
Madhesh,Bara,Jitpur Simara
Madhesh,Bara,Kalaiya
Madhesh,Bara,Karaiyamai
Madhesh,Bara,Kolhabi
Madhesh,Bara,Mahagadhimai
Madhesh,Bara,Nijgadh
Madhesh,Bara,Pachrauta
Madhesh,Bara,Parawanipur
Madhesh,Bara,Pheta
Madhesh,Bara,Prasauni
Madhesh,Bara,Simraungadh
Madhesh,Bara,Suwarna
Lumbini,Bardiya,Badhaiyatal
Lumbini,Bardiya,Bansgadhi
Lumbini,Bardiya,Barbardiya
Lumbini,Bardiya,Geruwa
Lumbini,Bardiya,Gulariya
Lumbini,Bardiya,Madhuwan
Lumbini,Bardiya,Rajapur
Lumbini,Bardiya,Thakurbaba
Bagmati,Bhaktapur,Changunarayan
Bagmati,Bhaktapur,Madhyapur Thimi
Bagmati,Bhaktapur,Suryabinayak
Koshi,Bhojpur,Aamchok
Koshi,Bhojpur,Arun
Koshi,Bhojpur,Hatuwagadhi
Koshi,Bhojpur,Pauwadungma
Koshi,Bhojpur,Ramprasad Rai
Koshi,Bhojpur,Salpasilichho
Koshi,Bhojpur,Shadananda
Koshi,Bhojpur,Tyamkemaiyung
Bagmati,Chitwan,Bharatpur
Bagmati,Chitwan,Ichchhakamana
Bagmati,Chitwan,Kalika
Bagmati,Chitwan,Khairhani
Bagmati,Chitwan,Madi
Bagmati,Chitwan,Rapti
Bagmati,Chitwan,Ratnanagar
Sudurpashchim,Dadeldhura,Aalital
Sudurpashchim,Dadeldhura,Ajaymeru
Sudurpashchim,Dadeldhura,Amargadhi
Sudurpashchim,Dadeldhura,Bhageshwar
Sudurpashchim,Dadeldhura,Ganyapadhura
Sudurpashchim,Dadeldhura,Navadurga
Sudurpashchim,Dadeldhura,Parshuram
Karnali,Dailekh,Aathabis
Karnali,Dailekh,Bhagawatimai
Karnali,Dailekh,Bhairabi
Karnali,Dailekh,Chamunda Bindrasaini
Karnali,Dailekh,Dullu
Karnali,Dailekh,Dungeshwar
Karnali,Dailekh,Gurans
Karnali,Dailekh,Mahabu
Karnali,Dailekh,Narayan
Karnali,Dailekh,Naumule
Karnali,Dailekh,Thantikandh
Lumbini,Dang Deukhuri,Babai
Lumbini,Dang Deukhuri,Banglachuli
Lumbini,Dang Deukhuri,Dangisharan
Lumbini,Dang Deukhuri,Gadhawa
Lumbini,Dang Deukhuri,Ghorahi
Lumbini,Dang Deukhuri,Lamahi
Lumbini,Dang Deukhuri,Rajpur
Lumbini,Dang Deukhuri,Rapti
Lumbini,Dang Deukhuri,Shantinagar
Lumbini,Dang Deukhuri,Tulsipur
Sudurpashchim,Darchula,Apihimal
Sudurpashchim,Darchula,Byans
Sudurpashchim,Darchula,Duhun
Sudurpashchim,Darchula,Lekam
Sudurpashchim,Darchula,Mahakali
Sudurpashchim,Darchula,Malikarjun
Sudurpashchim,Darchula,Marma
Sudurpashchim,Darchula,Naugad
Sudurpashchim,Darchula,Shailyashikhar
Bagmati,Dhading,Benighat Rorang
Bagmati,Dhading,Dhunibeshi
Bagmati,Dhading,Gajuri
Bagmati,Dhading,Galchhi
Bagmati,Dhading,Gangajamuna
Bagmati,Dhading,Jwalamukhi
Bagmati,Dhading,Khaniyabas
Bagmati,Dhading,Netrawati Dabjong
Bagmati,Dhading,Nilkantha
Bagmati,Dhading,Rubi Bhyali [Rubi Valley]
Bagmati,Dhading,Siddhalek
Bagmati,Dhading,Thakre
Bagmati,Dhading,Tripurasundari
Koshi,Dhankuta,Chaubise
Koshi,Dhankuta,Chhathar Jorpati
Koshi,Dhankuta,Mahalaxmi
Koshi,Dhankuta,Pakhribas
Koshi,Dhankuta,Sahidbhumi [Khalsachhintang Shahidbhumi]
Koshi,Dhankuta,Sangurigadhi
Madhesh,Dhanusha,Aurahi
Madhesh,Dhanusha,Bateshwar
Madhesh,Dhanusha,Bidehi
Madhesh,Dhanusha,Chhireshwarnath
Madhesh,Dhanusha,Dhanauji
Madhesh,Dhanusha,Dhanushadham
Madhesh,Dhanusha,Ganeshman Charnath
Madhesh,Dhanusha,Hansapur
Madhesh,Dhanusha,Janaknandini
Madhesh,Dhanusha,Janakpur
Madhesh,Dhanusha,Kamala
Madhesh,Dhanusha,Lakshminiya
Madhesh,Dhanusha,Mithila
Madhesh,Dhanusha,Mithila Bihari
Madhesh,Dhanusha,Mukhiyapatti Musharmiya
Madhesh,Dhanusha,Nagrain
Madhesh,Dhanusha,Sabaila
Madhesh,Dhanusha,Shahidnagar
Bagmati,Dolakha,Baiteshwar
Bagmati,Dolakha,Bhimeshwar
Bagmati,Dolakha,Bigu
Bagmati,Dolakha,Gaurishankar
Bagmati,Dolakha,Jiri
Bagmati,Dolakha,Kalinchok
Bagmati,Dolakha,Melung
Bagmati,Dolakha,Shailung
Bagmati,Dolakha,Tamakoshi
Karnali,Dolpa,Chharka Tangsong
Karnali,Dolpa,Dolpo Buddha
Karnali,Dolpa,Jagdulla
Karnali,Dolpa,Kaike
Karnali,Dolpa,Mudkechula
Karnali,Dolpa,She Phoksundo
Karnali,Dolpa,Thuli Bheri
Karnali,Dolpa,Tripurasundari
Sudurpashchim,Doti,Aadarsha
Sudurpashchim,Doti,Badikedar
Sudurpashchim,Doti,Bogtan Phudsil
Sudurpashchim,Doti,Dipayal Silgadhi
Sudurpashchim,Doti,Jorayal
Sudurpashchim,Doti,K.I. Singh
Sudurpashchim,Doti,Purbichauki
Sudurpashchim,Doti,Sayal
Sudurpashchim,Doti,Shikhar
Lumbini,East Rukum,Bhume
Lumbini,East Rukum,Putha Uttarganga
Lumbini,East Rukum,Sisne
Gandaki,Gorkha,Aarughat
Gandaki,Gorkha,Ajirkot
Gandaki,Gorkha,Bhimsen
Gandaki,Gorkha,Chumanuwri
Gandaki,Gorkha,Dharche
Gandaki,Gorkha,Gandaki
Gandaki,Gorkha,Palungtar
Gandaki,Gorkha,Shahid Lakhan
Gandaki,Gorkha,Siranchok
Gandaki,Gorkha,Sulikot
Lumbini,Gulmi,Chandrakot
Lumbini,Gulmi,Chhatrakot
Lumbini,Gulmi,Dhurkot
Lumbini,Gulmi,Gulmi Darbar
Lumbini,Gulmi,Isma
Lumbini,Gulmi,Kaligandaki
Lumbini,Gulmi,Madane
Lumbini,Gulmi,Malika
Lumbini,Gulmi,Musikot
Lumbini,Gulmi,Resunga
Lumbini,Gulmi,Ruru
Lumbini,Gulmi,Satyawati
Karnali,Humla,Adanchuli
Karnali,Humla,Chankheli
Karnali,Humla,Kharpunath
Karnali,Humla,Namkha
Karnali,Humla,Sarkegad
Karnali,Humla,Simkot
Karnali,Humla,Tanjakot
Koshi,Ilam,Chulachuli
Koshi,Ilam,Deumai
Koshi,Ilam,Mai
Koshi,Ilam,Maijogmai
Koshi,Ilam,Mangsebung
Koshi,Ilam,Phakphokthum
Koshi,Ilam,Rong
Koshi,Ilam,Sandakpur
Koshi,Ilam,Suryodaya
Karnali,Jajarkot,Barekot
Karnali,Jajarkot,Bheri
Karnali,Jajarkot,Chhedagad
Karnali,Jajarkot,Junichande
Karnali,Jajarkot,Kuse
Karnali,Jajarkot,Nalgad [Triveni Nalgad]
Karnali,Jajarkot,Shivalaya
Koshi,Jhapa,Arjundhara
Koshi,Jhapa,Bahradashi
Koshi,Jhapa,Bhadrapur
Koshi,Jhapa,Birtamod
Koshi,Jhapa,Buddhashanti
Koshi,Jhapa,Damak
Koshi,Jhapa,Gauradaha
Koshi,Jhapa,Gaurigunj
Koshi,Jhapa,Haldibari
Koshi,Jhapa,Kachankawal
Koshi,Jhapa,Kamal
Koshi,Jhapa,Kankai
Koshi,Jhapa,Mechinagar
Koshi,Jhapa,Shivasatakshi
Karnali,Jumla,Chandannath
Karnali,Jumla,Guthichaur
Karnali,Jumla,Hima
Karnali,Jumla,Kankasundari
Karnali,Jumla,Patarasi
Karnali,Jumla,Sinja
Karnali,Jumla,Tatopani
Karnali,Jumla,Tila
Sudurpashchim,Kailali,Bardagoriya
Sudurpashchim,Kailali,Bhajani
Sudurpashchim,Kailali,Chure
Sudurpashchim,Kailali,Dhangadhi
Sudurpashchim,Kailali,Gauriganga
Sudurpashchim,Kailali,Ghodaghodi
Sudurpashchim,Kailali,Godawari
Sudurpashchim,Kailali,Janaki
Sudurpashchim,Kailali,Joshipur
Sudurpashchim,Kailali,Kailari
Sudurpashchim,Kailali,Lamkichuha
Sudurpashchim,Kailali,Mohanyal
Sudurpashchim,Kailali,Tikapur
Karnali,Kalikot,Khandachakra
Karnali,Kalikot,Mahawai
Karnali,Kalikot,Narharinath
Karnali,Kalikot,Pachaljharana
Karnali,Kalikot,Palata
Karnali,Kalikot,Raskot
Karnali,Kalikot,Sanni Triveni
Karnali,Kalikot,Shubha Kalika
Karnali,Kalikot,Tilagufa
Sudurpashchim,Kanchanpur,Bedkot
Sudurpashchim,Kanchanpur,Belauri
Sudurpashchim,Kanchanpur,Beldandi
Sudurpashchim,Kanchanpur,Bhimdatta
Sudurpashchim,Kanchanpur,Krishnapur
Sudurpashchim,Kanchanpur,Laljhadi
Sudurpashchim,Kanchanpur,Mahakali
Sudurpashchim,Kanchanpur,Punarbas
Sudurpashchim,Kanchanpur,Shuklaphanta
Lumbini,Kapilvastu,Banganga
Lumbini,Kapilvastu,Bijaynagar
Lumbini,Kapilvastu,Buddhabhumi
Lumbini,Kapilvastu,Krishnanagar
Lumbini,Kapilvastu,Maharajgunj
Lumbini,Kapilvastu,Mayadevi
Lumbini,Kapilvastu,Shivraj
Lumbini,Kapilvastu,Shuddhodhan
Lumbini,Kapilvastu,Yasodhara
Gandaki,Kaski,Annapurna
Gandaki,Kaski,Machhapuchchhre
Gandaki,Kaski,Madi
Gandaki,Kaski,Pokhara
Gandaki,Kaski,Rupa
Bagmati,Kathmandu,Budhanilkantha
Bagmati,Kathmandu,Chandragiri
Bagmati,Kathmandu,Dakshinkali
Bagmati,Kathmandu,Gokarneshwar
Bagmati,Kathmandu,Kageshwari Manohara
Bagmati,Kathmandu,Kathmandu
Bagmati,Kathmandu,Kirtipur
Bagmati,Kathmandu,Nagarjun
Bagmati,Kathmandu,Shankharapur
Bagmati,Kathmandu,Tarakeshwar
Bagmati,Kathmandu,Tokha
Bagmati,Kavrepalanchok,Banepa
Bagmati,Kavrepalanchok,Bethanchok
Bagmati,Kavrepalanchok,Bhumlu
Bagmati,Kavrepalanchok,Chaurideurali
Bagmati,Kavrepalanchok,Dhulikhel
Bagmati,Kavrepalanchok,Khanikhola
Bagmati,Kavrepalanchok,Mahabharat
Bagmati,Kavrepalanchok,Mandandeupur
Bagmati,Kavrepalanchok,Namobuddha
Bagmati,Kavrepalanchok,Panauti
Bagmati,Kavrepalanchok,Panchkhal
Bagmati,Kavrepalanchok,Roshi
Bagmati,Kavrepalanchok,Temal
Koshi,Khotang,Aiselukharka
Koshi,Khotang,Barahapokhari
Koshi,Khotang,Diktel Rupakot Majhuwagadhi
Koshi,Khotang,Diprung
Koshi,Khotang,Halesi Tuwachung
Koshi,Khotang,Jantedhunga
Koshi,Khotang,Kepilasgadhi
Koshi,Khotang,Khotehang
Koshi,Khotang,Rawa Besi [Lamidanda]
Koshi,Khotang,Sakela
Bagmati,Lalitpur,Bagmati
Bagmati,Lalitpur,Godawari
Bagmati,Lalitpur,Konjyosom
Bagmati,Lalitpur,Mahalaxmi
Bagmati,Lalitpur,Mahankal
Gandaki,Lamjung,Besishahar
Gandaki,Lamjung,Dordi
Gandaki,Lamjung,Dudhpokhari
Gandaki,Lamjung,Kwholasothar
Gandaki,Lamjung,Madhyanepal
Gandaki,Lamjung,Marsyangdi
Gandaki,Lamjung,Rainas
Gandaki,Lamjung,Sundarbazar
Madhesh,Mahottari,Aurahi
Madhesh,Mahottari,Balwa
Madhesh,Mahottari,Bardibas
Madhesh,Mahottari,Bhangaha
Madhesh,Mahottari,Ekdara
Madhesh,Mahottari,Gaushala
Madhesh,Mahottari,Jaleshwar
Madhesh,Mahottari,Loharpatti
Madhesh,Mahottari,Manra Shisawa
Madhesh,Mahottari,Matihani
Madhesh,Mahottari,Pipra
Madhesh,Mahottari,Ramgopalpur
Madhesh,Mahottari,Samsi
Madhesh,Mahottari,Sonma
Bagmati,Makawanpur,Bagmati
Bagmati,Makawanpur,Bakaiya
Bagmati,Makawanpur,Bhimphedi
Bagmati,Makawanpur,Hetauda
Bagmati,Makawanpur,Indrasarowar
Bagmati,Makawanpur,Kailash
Bagmati,Makawanpur,Makawanpurgadhi
Bagmati,Makawanpur,Manahari
Bagmati,Makawanpur,Raksirang
Bagmati,Makawanpur,Thaha
Gandaki,Manang,Chame
Gandaki,Manang,Manang Ngisyang [Neshyang]
Gandaki,Manang,Narpa Bhumi [Narphu]
Gandaki,Manang,Nasong
Koshi,Morang,Belbari
Koshi,Morang,Biratnagar
Koshi,Morang,Budhiganga
Koshi,Morang,Dhanpalthan
Koshi,Morang,Gramthan
Koshi,Morang,Jahada
Koshi,Morang,Kanepokhari
Koshi,Morang,Katahari
Koshi,Morang,Kerabari
Koshi,Morang,Letang
Koshi,Morang,Miklajung
Koshi,Morang,Pathari Shanishchare
Koshi,Morang,Rangeli
Koshi,Morang,Ratuwamai
Koshi,Morang,Sunawarshi
Koshi,Morang,Sundarharaicha
Koshi,Morang,Urlabari
Karnali,Mugu,Chhayanath Rara
Karnali,Mugu,Khatyad
Karnali,Mugu,Mugum Karmarong
Karnali,Mugu,Soru
Gandaki,Mustang,Gharapjhong
Gandaki,Mustang,Lo-Ghekar Damodarkunda [Dalome]
Gandaki,Mustang,Lomanthang
Gandaki,Mustang,Thasang
Gandaki,Mustang,Varagung Muktikshetra
Gandaki,Myagdi,Annapurna
Gandaki,Myagdi,Beni
Gandaki,Myagdi,Dhaulagiri
Gandaki,Myagdi,Malika
Gandaki,Myagdi,Mangala
Gandaki,Myagdi,Raghuganga
Gandaki,Nawalpur,Baudikali
Gandaki,Nawalpur,Binayi Tribeni
Gandaki,Nawalpur,Bulingtar
Gandaki,Nawalpur,Devchuli
Gandaki,Nawalpur,Gaindakot
Gandaki,Nawalpur,Hupsekot
Gandaki,Nawalpur,Kawasoti
Gandaki,Nawalpur,Madhyabindu
Bagmati,Nuwakot,Belkotgadhi
Bagmati,Nuwakot,Bidur
Bagmati,Nuwakot,Dupcheshwar
Bagmati,Nuwakot,Kakani
Bagmati,Nuwakot,Kispang
Bagmati,Nuwakot,Likhu
Bagmati,Nuwakot,Meghang
Bagmati,Nuwakot,Panchkanya
Bagmati,Nuwakot,Shivapuri
Bagmati,Nuwakot,Suryagadhi
Bagmati,Nuwakot,Tadi
Bagmati,Nuwakot,Tarkeshwar
Koshi,Okhaldhunga,Champadevi
Koshi,Okhaldhunga,Chishankhugadhi
Koshi,Okhaldhunga,Khijidemba
Koshi,Okhaldhunga,Likhu
Koshi,Okhaldhunga,Manebhanjyang
Koshi,Okhaldhunga,Molung
Koshi,Okhaldhunga,Siddhicharan
Koshi,Okhaldhunga,Sunkoshi
Lumbini,Palpa,Bagnaskali
Lumbini,Palpa,Mathagadhi
Lumbini,Palpa,Nisdi
Lumbini,Palpa,Purbakhola
Lumbini,Palpa,Rainadevi Chhahara
Lumbini,Palpa,Rambha
Lumbini,Palpa,Rampur
Lumbini,Palpa,Ribdikot
Lumbini,Palpa,Tansen
Lumbini,Palpa,Tinau
Koshi,Panchthar,Hilihang
Koshi,Panchthar,Kummayak
Koshi,Panchthar,Miklajung
Koshi,Panchthar,Phalelung
Koshi,Panchthar,Phalgunanda
Koshi,Panchthar,Phidim
Koshi,Panchthar,Tumwewa
Koshi,Panchthar,Yangwarak
Lumbini,Parasi,Bardghat
Lumbini,Parasi,Palhinandan
Lumbini,Parasi,Pratappur
Lumbini,Parasi,Ramgram
Lumbini,Parasi,Sarawal
Lumbini,Parasi,Sunwal
Lumbini,Parasi,Susta
Gandaki,Parbat,Bihadi
Gandaki,Parbat,Jaljala
Gandaki,Parbat,Kushma
Gandaki,Parbat,Mahashila
Gandaki,Parbat,Modi
Gandaki,Parbat,Paiyun
Gandaki,Parbat,Phalewas
Madhesh,Parsa,Bahudarmai
Madhesh,Parsa,Bindabasini
Madhesh,Parsa,Birgunj
Madhesh,Parsa,Chhipahrmai
Madhesh,Parsa,Dhobini
Madhesh,Parsa,Jagarnathpur
Madhesh,Parsa,Jira Bhawani
Madhesh,Parsa,Kalikamai
Madhesh,Parsa,Pakahamainpur
Madhesh,Parsa,Parsagadhi
Madhesh,Parsa,Paterwa Sugauli
Madhesh,Parsa,Pokhariya
Madhesh,Parsa,Ramnagar
Madhesh,Parsa,Sakhuwa Prasauni
Madhesh,Parsa,Thori
Lumbini,Pyuthan,Airawati
Lumbini,Pyuthan,Gaumukhi
Lumbini,Pyuthan,Jhimruk
Lumbini,Pyuthan,Mallarani
Lumbini,Pyuthan,Mandavi
Lumbini,Pyuthan,Naubahini
Lumbini,Pyuthan,Sarumarani
Lumbini,Pyuthan,Swargadwari
Bagmati,Ramechhap,Doramba
Bagmati,Ramechhap,Gokulganga
Bagmati,Ramechhap,Khandadevi
Bagmati,Ramechhap,Likhu
Bagmati,Ramechhap,Manthali
Bagmati,Ramechhap,Sunapati
Bagmati,Ramechhap,Umakunda
Bagmati,Rasuwa,Aamachhodingmo [Parbatikunda]
Bagmati,Rasuwa,Gosaikunda
Bagmati,Rasuwa,Kalika
Bagmati,Rasuwa,Naukunda
Bagmati,Rasuwa,Uttargaya
Madhesh,Rautahat,Baudhimai
Madhesh,Rautahat,Brindawan
Madhesh,Rautahat,Chandrapur
Madhesh,Rautahat,Dewahi Gonahi
Madhesh,Rautahat,Durga Bhagwati
Madhesh,Rautahat,Gadhimai
Madhesh,Rautahat,Garuda
Madhesh,Rautahat,Gaur
Madhesh,Rautahat,Gujara
Madhesh,Rautahat,Ishanath
Madhesh,Rautahat,Katahariya
Madhesh,Rautahat,Madhav Narayan
Madhesh,Rautahat,Maulapur
Madhesh,Rautahat,Paroha
Madhesh,Rautahat,Phatuwabijayapur
Madhesh,Rautahat,Rajdevi
Madhesh,Rautahat,Rajpur
Madhesh,Rautahat,Yamunamai
Lumbini,Rolpa,Gangadev [Sukidaha]
Lumbini,Rolpa,Lungri
Lumbini,Rolpa,Madi
Lumbini,Rolpa,Paribartan [Duikholi]
Lumbini,Rolpa,Runtigadhi
Lumbini,Rolpa,Sunchhahari
Lumbini,Rolpa,Sunilsmriti [Suwarnabati]
Lumbini,Rolpa,Thabang
Lumbini,Rolpa,Triveni
Lumbini,Rupandehi,Butwal
Lumbini,Rupandehi,Devdaha
Lumbini,Rupandehi,Gaidahawa
Lumbini,Rupandehi,Kanchan
Lumbini,Rupandehi,Kotahimai
Lumbini,Rupandehi,Lumbini Sanskritik
Lumbini,Rupandehi,Marchawari
Lumbini,Rupandehi,Mayadevi
Lumbini,Rupandehi,Omsatiya
Lumbini,Rupandehi,Rohini
Lumbini,Rupandehi,Sainamaina
Lumbini,Rupandehi,Sammarimai
Lumbini,Rupandehi,Shuddhodhan
Lumbini,Rupandehi,Siddharthanagar
Lumbini,Rupandehi,Siyari
Lumbini,Rupandehi,Tilottama
Karnali,Salyan,Bagchaur
Karnali,Salyan,Bangad Kupinde
Karnali,Salyan,Chhatreshwari
Karnali,Salyan,Darma
Karnali,Salyan,Kalimati
Karnali,Salyan,Kapurkot
Karnali,Salyan,Kumakh
Karnali,Salyan,Sharada
Karnali,Salyan,Siddha Kumakh [Dhorchaur]
Karnali,Salyan,Triveni
Koshi,Sankhuwasabha,Bhotkhola
Koshi,Sankhuwasabha,Chainpur
Koshi,Sankhuwasabha,Chichila
Koshi,Sankhuwasabha,Dharmadevi
Koshi,Sankhuwasabha,Khandbari
Koshi,Sankhuwasabha,Madi
Koshi,Sankhuwasabha,Makalu
Koshi,Sankhuwasabha,Panchkhapan
Koshi,Sankhuwasabha,Savahapokhari
Koshi,Sankhuwasabha,Silichong
Madhesh,Saptari,Agnisair Krishnasawaran
Madhesh,Saptari,Balan-Bihul
Madhesh,Saptari,Bishnupur
Madhesh,Saptari,Bodebarsain
Madhesh,Saptari,Chhinnamasta
Madhesh,Saptari,Dakneshwori
Madhesh,Saptari,Hanumannagar Kankalini
Madhesh,Saptari,Kanchanrup
Madhesh,Saptari,Khadak
Madhesh,Saptari,Mahadeva
Madhesh,Saptari,Rajbiraj
Madhesh,Saptari,Rajgadh [Belhi Chapena]
Madhesh,Saptari,Rupani
Madhesh,Saptari,Saptakoshi
Madhesh,Saptari,Shambhunath
Madhesh,Saptari,Surunga
Madhesh,Saptari,Tilathi Koiladi
Madhesh,Saptari,Tirhut
Madhesh,Sarlahi,Bagmati
Madhesh,Sarlahi,Balra
Madhesh,Sarlahi,Barhathawa
Madhesh,Sarlahi,Basbariya
Madhesh,Sarlahi,Bishnu
Madhesh,Sarlahi,Brahmapuri
Madhesh,Sarlahi,Chakraghatta
Madhesh,Sarlahi,Chandranagar
Madhesh,Sarlahi,Dhankaul
Madhesh,Sarlahi,Godaita
Madhesh,Sarlahi,Haripur
Madhesh,Sarlahi,Haripurwa
Madhesh,Sarlahi,Hariwan
Madhesh,Sarlahi,Ishworpur
Madhesh,Sarlahi,Kaudena
Madhesh,Sarlahi,Kawilasi
Madhesh,Sarlahi,Lalbandi
Madhesh,Sarlahi,Malangwa
Bagmati,Sindhuli,Dudhauli
Bagmati,Sindhuli,Ghyanglekh
Bagmati,Sindhuli,Golanjor
Bagmati,Sindhuli,Hariharpurgadhi
Bagmati,Sindhuli,Kamalamai
Bagmati,Sindhuli,Marin
Bagmati,Sindhuli,Phikkal
Bagmati,Sindhuli,Sunkoshi
Bagmati,Sindhuli,Tinpatan
Bagmati,Sindhupalchowk,Bahrabise
Bagmati,Sindhupalchowk,Balephi
Bagmati,Sindhupalchowk,Bhotekoshi
Bagmati,Sindhupalchowk,Chautara Sangachokgadhi
Bagmati,Sindhupalchowk,Helambu
Bagmati,Sindhupalchowk,Indrawati
Bagmati,Sindhupalchowk,Jugal
Bagmati,Sindhupalchowk,Lisankhu Pakhar
Bagmati,Sindhupalchowk,Melamchi
Bagmati,Sindhupalchowk,Panchpokhari Thangpal
Bagmati,Sindhupalchowk,Sunkoshi
Bagmati,Sindhupalchowk,Tripurasundari
Madhesh,Siraha,Arnama
Madhesh,Siraha,Aurahi
Madhesh,Siraha,Bariyarpatti
Madhesh,Siraha,Bhagwanpur
Madhesh,Siraha,Bishnupur
Madhesh,Siraha,Dhangadhimai
Madhesh,Siraha,Golbazar
Madhesh,Siraha,Kalyanpur
Madhesh,Siraha,Karjanha
Madhesh,Siraha,Lahan
Madhesh,Siraha,Laksmipur Patari
Madhesh,Siraha,Mirchaiya
Madhesh,Siraha,Naraha
Madhesh,Siraha,Nawarajpur
Madhesh,Siraha,Sakhuwanankarkatti
Madhesh,Siraha,Sukhipur
Koshi,Solukhumbu,Dudhkoshi
Koshi,Solukhumbu,Khumbu Pasanglhamu
Koshi,Solukhumbu,Likhupike
Koshi,Solukhumbu,Mahakulung
Koshi,Solukhumbu,Nechasalyan
Koshi,Solukhumbu,Solududhkunda
Koshi,Solukhumbu,Sotang
Koshi,Solukhumbu,Thulung Dudhkoshi
Koshi,Sunsari,Barah
Koshi,Sunsari,Barju
Koshi,Sunsari,Bhokraha
Koshi,Sunsari,Dewanganj
Koshi,Sunsari,Dharan
Koshi,Sunsari,Duhabi
Koshi,Sunsari,Gadhi
Koshi,Sunsari,Harinagara
Koshi,Sunsari,Inaruwa
Koshi,Sunsari,Itahari
Koshi,Sunsari,Koshi
Koshi,Sunsari,Ramdhuni
Karnali,Surkhet,Barahatal
Karnali,Surkhet,Bheriganga
Karnali,Surkhet,Birendranagar
Karnali,Surkhet,Chaukune
Karnali,Surkhet,Chingad
Karnali,Surkhet,Gurbhakot
Karnali,Surkhet,Lekbeshi
Karnali,Surkhet,Panchapuri
Karnali,Surkhet,Simta
Gandaki,Syangja,Aandhikhola
Gandaki,Syangja,Arjunchaupari
Gandaki,Syangja,Bhirkot
Gandaki,Syangja,Biruwa
Gandaki,Syangja,Chapakot
Gandaki,Syangja,Galyang
Gandaki,Syangja,Harinas
Gandaki,Syangja,Kaligandaki
Gandaki,Syangja,Phedikhola
Gandaki,Syangja,Putalibazar
Gandaki,Syangja,Waling
Gandaki,Tanahun,Anbukhaireni
Gandaki,Tanahun,Bandipur
Gandaki,Tanahun,Bhanu
Gandaki,Tanahun,Bhimad
Gandaki,Tanahun,Devghat
Gandaki,Tanahun,Ghiring
Gandaki,Tanahun,Myagde
Gandaki,Tanahun,Rhishing
Gandaki,Tanahun,Shuklagandaki
Gandaki,Tanahun,Vyas
Koshi,Taplejung,Aathrai Tribeni
Koshi,Taplejung,Maiwakhola
Koshi,Taplejung,Meringden
Koshi,Taplejung,Mikwakhola
Koshi,Taplejung,Pathibhara Yangwarak
Koshi,Taplejung,Phaktanglung
Koshi,Taplejung,Phungling
Koshi,Taplejung,Sidingwa
Koshi,Taplejung,Sirijangha
Koshi,Tehrathum,Aathrai
Koshi,Tehrathum,Chhathar
Koshi,Tehrathum,Laligurans
Koshi,Tehrathum,Menchhayayem
Koshi,Tehrathum,Myanglung
Koshi,Tehrathum,Phedap
Koshi,Udayapur,Belaka
Koshi,Udayapur,Chaudandigadhi
Koshi,Udayapur,Katari
Koshi,Udayapur,Limchungbung [Sunkoshi]
Koshi,Udayapur,Rautamai
Koshi,Udayapur,Tapli
Koshi,Udayapur,Triyuga
Koshi,Udayapur,Udayapurgadhi
Karnali,West Rukum,Aathbiskot
Karnali,West Rukum,Banphikot
Karnali,West Rukum,Chaurjahari
Karnali,West Rukum,Musikot
Karnali,West Rukum,Sani Bheri
Karnali,West Rukum,Triveni
